{
  "cancel" : {
    "transaction" : "cancel",
    "sampleCount" : 10,
    "errorCount" : 0,
    "errorPct" : 0.0,
    "meanResTime" : 1.4,
    "medianResTime" : 1.0,
    "minResTime" : 1.0,
    "maxResTime" : 3.0,
    "pct1ResTime" : 2.9000000000000004,
    "pct2ResTime" : 3.0,
    "pct3ResTime" : 3.0,
    "throughput" : 5.991611743559018,
    "receivedKBytesPerSec" : 1.4803493858597963,
    "sentKBytesPerSec" : 1.211194952067106
  },
  "get event" : {
    "transaction" : "get event",
    "sampleCount" : 10,
    "errorCount" : 0,
    "errorPct" : 0.0,
    "meanResTime" : 4.6000000000000005,
    "medianResTime" : 2.0,
    "minResTime" : 1.0,
    "maxResTime" : 25.0,
    "pct1ResTime" : 23.000000000000007,
    "pct2ResTime" : 25.0,
    "pct3ResTime" : 25.0,
    "throughput" : 5.803830528148578,
    "receivedKBytesPerSec" : 2.1877720545560067,
    "sentKBytesPerSec" : 0.8955129135229251
  },
  "Total" : {
    "transaction" : "Total",
    "sampleCount" : 100,
    "errorCount" : 0,
    "errorPct" : 0.0,
    "meanResTime" : 1.6300000000000008,
    "medianResTime" : 1.0,
    "minResTime" : 0.0,
    "maxResTime" : 25.0,
    "pct1ResTime" : 2.0,
    "pct2ResTime" : 3.0,
    "pct3ResTime" : 24.799999999999898,
    "throughput" : 57.67012687427912,
    "receivedKBytesPerSec" : 15.391841479238755,
    "sentKBytesPerSec" : 10.37949646770473
  },
  "reserve" : {
    "transaction" : "reserve",
    "sampleCount" : 20,
    "errorCount" : 0,
    "errorPct" : 0.0,
    "meanResTime" : 1.5499999999999998,
    "medianResTime" : 1.0,
    "minResTime" : 1.0,
    "maxResTime" : 3.0,
    "pct1ResTime" : 2.900000000000002,
    "pct2ResTime" : 3.0,
    "pct3ResTime" : 3.0,
    "throughput" : 11.730205278592376,
    "receivedKBytesPerSec" : 3.0012829912023458,
    "sentKBytesPerSec" : 2.5430718475073313
  },
  "pay" : {
    "transaction" : "pay",
    "sampleCount" : 10,
    "errorCount" : 0,
    "errorPct" : 0.0,
    "meanResTime" : 1.2000000000000002,
    "medianResTime" : 1.0,
    "minResTime" : 0.0,
    "maxResTime" : 2.0,
    "pct1ResTime" : 2.0,
    "pct2ResTime" : 2.0,
    "pct3ResTime" : 2.0,
    "throughput" : 5.99880023995201,
    "receivedKBytesPerSec" : 1.4469762297540492,
    "sentKBytesPerSec" : 1.1950734853029394
  },
  "Transaction Controller" : {
    "transaction" : "Transaction Controller",
    "sampleCount" : 10,
    "errorCount" : 0,
    "errorPct" : 0.0,
    "meanResTime" : 16.3,
    "medianResTime" : 12.5,
    "minResTime" : 11.0,
    "maxResTime" : 39.0,
    "pct1ResTime" : 37.400000000000006,
    "pct2ResTime" : 39.0,
    "pct3ResTime" : 39.0,
    "throughput" : 5.546311702717693,
    "receivedKBytesPerSec" : 14.80280262063228,
    "sentKBytesPerSec" : 9.98227780088741
  },
  "get reserve" : {
    "transaction" : "get reserve",
    "sampleCount" : 40,
    "errorCount" : 0,
    "errorPct" : 0.0,
    "meanResTime" : 1.1500000000000006,
    "medianResTime" : 1.0,
    "minResTime" : 1.0,
    "maxResTime" : 2.0,
    "pct1ResTime" : 2.0,
    "pct2ResTime" : 2.0,
    "pct3ResTime" : 2.0,
    "throughput" : 23.809523809523807,
    "receivedKBytesPerSec" : 6.231398809523809,
    "sentKBytesPerSec" : 3.7434895833333335
  },
  "delete" : {
    "transaction" : "delete",
    "sampleCount" : 10,
    "errorCount" : 0,
    "errorPct" : 0.0,
    "meanResTime" : 1.4,
    "medianResTime" : 1.0,
    "minResTime" : 1.0,
    "maxResTime" : 3.0,
    "pct1ResTime" : 2.9000000000000004,
    "pct2ResTime" : 3.0,
    "pct3ResTime" : 3.0,
    "throughput" : 5.9880239520958085,
    "receivedKBytesPerSec" : 1.4677675898203593,
    "sentKBytesPerSec" : 1.0876684131736527
  }
}